Graph_size,Error_mean,Error_std
5.0,0.05,0.21794494717703364
10.0,0.4,0.5830951894845301
15.0,0.95,0.8046738469715541
20.0,1.75,0.9937303457175896
25.0,2.45,1.5960889699512368
30.0,2.85,1.1947803145348521
35.0,3.85,1.7965244223221681
40.0,4.8,1.8055470085267789
50.0,7.05,2.1324868112136124
